{"cameraMode":{"drawMode":0,"name":"Shaded","section":"Shading Mode"},"sceneLighting":false,"audioPlay":false,"sceneViewState":{"m_AlwaysRefresh":false,"showFog":true,"showSkybox":false,"showFlares":true,"showImageEffects":true,"showParticleSystems":true,"showVisualEffectGraphs":true,"m_FxEnabled":true},"in2DMode":false,"pivot":{"x":1651.3575439453125,"y":543.4332885742188,"z":22.538068771362306},"rotation":{"x":0.057964518666267398,"y":-0.015976835042238237,"z":0.0009031306253746152,"w":0.9982465505599976},"size":257.3037414550781,"orthographic":true}