{"cameraMode":{"drawMode":0,"name":"Shaded","section":"Shading Mode"},"sceneLighting":true,"audioPlay":false,"sceneViewState":{"m_AlwaysRefresh":false,"showFog":true,"showSkybox":true,"showFlares":true,"showImageEffects":true,"showParticleSystems":true,"showVisualEffectGraphs":true,"m_FxEnabled":true},"in2DMode":false,"pivot":{"x":-12.178327560424805,"y":-16.013111114501954,"z":38.89701843261719},"rotation":{"x":0.25333091616630556,"y":-0.20135222375392915,"z":0.053998157382011417,"w":0.944686770439148},"size":40.89980697631836,"orthographic":false}