{"cameraMode":{"drawMode":0,"name":"Shaded","section":"Shading Mode"},"sceneLighting":true,"audioPlay":false,"sceneViewState":{"m_AlwaysRefresh":false,"showFog":true,"showSkybox":true,"showFlares":true,"showImageEffects":true,"showParticleSystems":true,"showVisualEffectGraphs":true,"m_FxEnabled":true},"in2DMode":false,"pivot":{"x":-21.767948150634767,"y":13.144661903381348,"z":0.12176641821861267},"rotation":{"x":0.22001390159130097,"y":-0.22401371598243714,"z":0.05187954753637314,"w":0.9480878114700317},"size":141.98988342285157,"orthographic":true}