{"cameraMode":{"drawMode":0,"name":"Shaded","section":"Shading Mode"},"sceneLighting":true,"audioPlay":false,"sceneViewState":{"m_AlwaysRefresh":false,"showFog":true,"showSkybox":true,"showFlares":true,"showImageEffects":true,"showParticleSystems":true,"showVisualEffectGraphs":true,"m_FxEnabled":true},"in2DMode":false,"pivot":{"x":1622.5443115234375,"y":638.3353881835938,"z":-7.5249176025390629},"rotation":{"x":-0.011996635235846043,"y":-0.02399551309645176,"z":-0.00028720105183310807,"w":0.9996502995491028},"size":228.63409423828126,"orthographic":true}