{"cameraMode":{"drawMode":0,"name":"Shaded","section":"Shading Mode"},"sceneLighting":true,"audioPlay":false,"sceneViewState":{"m_AlwaysRefresh":false,"showFog":true,"showSkybox":true,"showFlares":true,"showImageEffects":true,"showParticleSystems":true,"showVisualEffectGraphs":true,"m_FxEnabled":true},"in2DMode":false,"pivot":{"x":908.7308349609375,"y":816.2997436523438,"z":-12.254681587219239},"rotation":{"x":0.03798111900687218,"y":0.022982290014624597,"z":-0.0008738439646549523,"w":0.9990268349647522},"size":168.9085235595703,"orthographic":true}