{"cameraMode":{"drawMode":0,"name":"Shaded","section":"Shading Mode"},"sceneLighting":true,"audioPlay":false,"sceneViewState":{"m_AlwaysRefresh":false,"showFog":true,"showSkybox":true,"showFlares":true,"showImageEffects":true,"showParticleSystems":true,"showVisualEffectGraphs":true,"m_FxEnabled":true},"in2DMode":false,"pivot":{"x":344.63067626953127,"y":138.35728454589845,"z":12.339777946472168},"rotation":{"x":0.18454156816005708,"y":-0.6569480299949646,"z":0.17055416107177735,"w":0.7108659148216248},"size":105.99240112304688,"orthographic":true}