{"cameraMode":{"drawMode":0,"name":"Shaded","section":"Shading Mode"},"sceneLighting":true,"audioPlay":false,"sceneViewState":{"m_AlwaysRefresh":false,"showFog":true,"showSkybox":true,"showFlares":true,"showImageEffects":true,"showParticleSystems":true,"showVisualEffectGraphs":true,"m_FxEnabled":true},"in2DMode":false,"pivot":{"x":166.28334045410157,"y":23.723068237304689,"z":37.60588455200195},"rotation":{"x":0.1352226585149765,"y":0.37977340817451479,"z":-0.05633910745382309,"w":0.9135345816612244},"size":141.98988342285157,"orthographic":true}