{"cameraMode":{"drawMode":0,"name":"Shaded","section":"Shading Mode"},"sceneLighting":true,"audioPlay":false,"sceneViewState":{"m_AlwaysRefresh":false,"showFog":true,"showSkybox":true,"showFlares":true,"showImageEffects":true,"showParticleSystems":true,"showVisualEffectGraphs":true,"m_FxEnabled":true},"in2DMode":false,"pivot":{"x":4.411427021026611,"y":0.6696448922157288,"z":0.4593110680580139},"rotation":{"x":-0.037021707743406299,"y":-0.6774528622627258,"z":0.03416909649968147,"w":-0.7339250445365906},"size":2.7160146236419679,"orthographic":false}