{"cameraMode":{"drawMode":0,"name":"Shaded","section":"Shading Mode"},"sceneLighting":true,"audioPlay":false,"sceneViewState":{"m_AlwaysRefresh":false,"showFog":true,"showSkybox":true,"showFlares":true,"showImageEffects":true,"showParticleSystems":true,"showVisualEffectGraphs":true,"m_FxEnabled":true},"in2DMode":false,"pivot":{"x":880.3423461914063,"y":525.7872314453125,"z":3.836608409881592},"rotation":{"x":0.057964518666267398,"y":-0.015976835042238237,"z":0.0009031306253746152,"w":0.9982465505599976},"size":731.3668823242188,"orthographic":true}