{"cameraMode":{"drawMode":0,"name":"Shaded","section":"Shading Mode"},"sceneLighting":false,"audioPlay":false,"sceneViewState":{"m_AlwaysRefresh":false,"showFog":true,"showSkybox":false,"showFlares":true,"showImageEffects":true,"showParticleSystems":true,"showVisualEffectGraphs":true,"m_FxEnabled":true},"in2DMode":false,"pivot":{"x":1457.4727783203125,"y":675.1152954101563,"z":-9.495903015136719},"rotation":{"x":-0.001999832922592759,"y":0.009000000543892384,"z":0.000013932927686255425,"w":0.9999821186065674},"size":399.9820251464844,"orthographic":true}