{"cameraMode":{"drawMode":0,"name":"Shaded","section":"Shading Mode"},"sceneLighting":false,"audioPlay":false,"sceneViewState":{"m_AlwaysRefresh":false,"showFog":true,"showSkybox":false,"showFlares":true,"showImageEffects":true,"showParticleSystems":true,"showVisualEffectGraphs":true,"m_FxEnabled":true},"in2DMode":false,"pivot":{"x":300.1583251953125,"y":732.6775512695313,"z":51.78850173950195},"rotation":{"x":-0.002999901073053479,"y":0.008999855257570744,"z":0.000026830730348592624,"w":0.9999691843986511},"size":0.8660253882408142,"orthographic":false}