{"cameraMode":{"drawMode":0,"name":"Shaded","section":"Shading Mode"},"sceneLighting":false,"audioPlay":false,"sceneViewState":{"m_AlwaysRefresh":false,"showFog":true,"showSkybox":false,"showFlares":true,"showImageEffects":true,"showParticleSystems":true,"showVisualEffectGraphs":true,"m_FxEnabled":true},"in2DMode":false,"pivot":{"x":1764.1678466796875,"y":568.3344116210938,"z":-14.646454811096192},"rotation":{"x":-0.002999901073053479,"y":0.008999855257570744,"z":0.000026830730348592624,"w":0.9999691843986511},"size":125.79327392578125,"orthographic":false}