{"cameraMode":{"drawMode":0,"name":"Shaded","section":"Shading Mode"},"sceneLighting":false,"audioPlay":false,"sceneViewState":{"m_AlwaysRefresh":false,"showFog":true,"showSkybox":false,"showFlares":true,"showImageEffects":true,"showParticleSystems":true,"showVisualEffectGraphs":true,"m_FxEnabled":true},"in2DMode":false,"pivot":{"x":1603.3572998046875,"y":702.1207885742188,"z":-115.09207916259766},"rotation":{"x":-0.06955843418836594,"y":-0.10554476827383042,"z":0.007389498874545097,"w":-0.9920578002929688},"size":418.829345703125,"orthographic":true}